user,time,brand
454821,1493742702,388700
769475,1493799812,388700
179999,1493775188,388700
307268,1493746810,388700
622814,1493768859,388700
475431,1493782890,388700
760101,1493772244,388700
378149,1493794196,388700
1024654,1493772148,388700
851545,1493741509,388700
1130528,1493786617,388700
246699,1493764692,388700
232964,1493778287,388700
1028176,1493818613,388700
597807,1493766520,388700
684160,1493820739,388700
56718,1493741583,437724
454821,1493742696,388700
913846,1493772951,388700
583995,1493805123,388700
862673,1493815578,388700
820877,1493824176,388700
1013889,1493768863,388700
415483,1493784021,388700
798384,1493786138,388700
133279,1493770454,388700
888664,1493811860,388700
1065633,1493773079,388700
619903,1493802692,388700
581053,1493770365,388700
1045252,1493773092,388700
81264,1493776032,388700
998429,1493788206,388700
1045252,1493773092,437724
838275,1493820413,388700
831091,1493767071,388700
975570,1493807962,388700
1069318,1493796993,388700
760101,1493771421,437724
1065324,1493789504,388700
896475,1493750799,388700
581053,1493770333,388700
756237,1493820904,388700
156060,1493772510,388700
470411,1493814616,388700
364873,1493770650,388700
364873,1493770586,388700
831091,1493767063,388700
1011513,1493822085,388700
988330,1494061086,437724
1014830,1494080692,388700
637964,1494040974,437724
11818,1494053063,388700
11818,1494052803,388700
11818,1494053078,388700
33568,1494085400,388700
802077,1494038204,388700
825031,1493510049,388700
655395,1493542009,388700
77501,1493511184,388700
473516,1493527344,388700
520846,1493541927,388700
756237,1493550486,388700
901623,1493532937,388700
364905,1493520154,437724
1109833,1493557354,388700
1020982,1493551885,388700
623930,1493611585,437724
622268,1493596388,388700
807304,1493594322,388700
981644,1493589969,388700
4397,1493651161,388700
1053757,1493613179,388700
531961,1493621407,437724
789320,1493599076,388700
94261,1493604240,388700
484191,1493616183,437724
454528,1493607354,437724
546795,1493607824,388700
440736,1493609600,388700
435420,1493631607,388700
201791,1493634821,388700
554077,1493615689,388700
789981,1493608430,388700
1000395,1493610006,388700
1005311,1493591031,388700
1005311,1493590978,388700
1101335,1493634939,388700
703396,1493609940,388700
606754,1493624897,388700
73658,1493598646,437724
142456,1493597441,437724
142456,1493598317,437724
383820,1493604781,388700
242474,1493619060,388700
266591,1493642429,388700
588366,1493601489,388700
1141341,1493600797,388700
1029074,1493595441,388700
1140975,1493609280,388700
1099774,1493620423,388700
849112,1493568728,388700
214500,1493614426,437724
973396,1493617440,388700
459638,1493640556,388700
1017828,1493616695,388700
440736,1493609782,388700
513718,1493615396,388700
445288,1493632201,388700
306768,1493594139,388700
355124,1493620637,388700
68422,1493638268,425589
565511,1493597053,388700
137958,1493599896,388700
920942,1493602774,388700
523639,1493599375,388700
779951,1493613562,388700
535280,1493604660,388700
351480,1493612064,388700
94262,1493602191,388700
94262,1493602171,388700
548403,1493568309,388700
461761,1493607949,388700
307364,1493594507,388700
840442,1493648682,437724
664063,1493623985,388700
839050,1493603482,388700
770952,1493635150,388700
981644,1493590145,388700
724100,1493622677,437724
628069,1493593203,388700
1053757,1493568707,388700
896475,1493602751,388700
183336,1493616479,388700
183336,1493616504,388700
183336,1493616465,388700
183336,1493616491,388700
764732,1493608996,388700
1103700,1493646381,388700
323863,1493606964,388700
187249,1493608136,388700
295070,1493613695,388700
1062857,1493633111,388700
1062857,1493633067,388700
789320,1493599072,437724
346898,1493613010,388700
282202,1493598029,388700
1069318,1493623825,388700
512725,1493603503,388700
512725,1493603585,388700
818953,1493620096,388700
1030339,1493609135,388700
519580,1493600650,388700
589708,1493612654,388700
17794,1493595726,388700
930038,1493633813,388700
455528,1493610360,388700
1015900,1493606494,388700
336017,1493573428,388700
860335,1493617058,388700
39713,1493628597,388700
962191,1493632134,388700
63804,1493602337,388700
259236,1493614256,388700
616430,1493632834,388700
303812,1493613305,388700
789320,1493599068,388700
1413,1493622397,388700
312332,1493610466,388700
828466,1493607722,388700
828466,1493609849,388700
1046720,1493610652,388700
741380,1493610891,388700
367284,1493622405,388700
229789,1493575034,388700
840450,1494063115,388700
1082414,1494074494,388700
398474,1494075865,388700
284742,1494041179,425589
840486,1494067584,425589
813313,1494075184,437724
914297,1494054000,388700
52194,1494053655,388700
795615,1494041946,388700
957254,1494027335,388700
66981,1493527109,388700
851325,1493549948,388700
183998,1493565832,388700
689242,1493489817,388700
719468,1493567617,388700
756237,1493550451,388700
1044382,1493544919,388700
496633,1493537928,388700
535583,1493517214,388700
464160,1493550305,388700
564642,1493563928,388700
496633,1493544852,425589
616967,1493561017,388700
67226,1493559556,388700
895318,1493545028,388700
507034,1494524527,388700
300387,1494588252,388700
1051711,1494569571,437724
709538,1494566085,437724
1118513,1494547640,388700
820425,1494584121,388700
957254,1494027224,388700
454821,1493742702,388700
769475,1493799812,388700
420712,1494030296,388700
152292,1493561956,388700
355690,1493520906,388700
174276,1493532448,388700
141923,1493535890,388700
329107,1493567841,388700
278482,1493559020,388700
479196,1493561642,388700
158444,1493549312,370203
50527,1493566930,370203
489469,1493545725,370203
330106,1493509478,370203
503539,1493522972,370203
503539,1493522944,370203
903394,1493549942,388700
1037984,1493861909,388700
718575,1493857370,388700
448996,1493913218,388700
101163,1493867997,388700
1098887,1493898422,388700
555536,1493863157,388700
510748,1493891779,388700
367284,1493849874,388700
1077407,1493899839,425589
484115,1493891778,388700
1125860,1493829374,388700
182638,1493858404,388700
182638,1493858422,388700
209713,1493867971,388700
64667,1493895298,388700
1011592,1493864660,388700
617722,1493854221,388700
484115,1493891811,388700
718130,1493912255,388700
567130,1493855580,388700
567130,1493856282,388700
731367,1493872403,388700
431608,1493855414,388700
1101379,1493861283,388700
84588,1493875841,388700
1080992,1493859359,388700
1080992,1493859321,388700
338840,1493856391,388700
739044,1493861555,388700
351480,1493881325,388700
597971,1493905686,388700
597971,1493905720,388700
1050315,1493858814,388700
957254,1493906767,388700
721977,1493882113,388700
721977,1493882471,388700
789981,1493894912,388700
789981,1493892929,388700
297165,1493853973,388700
112384,1493861125,388700
714169,1493873907,388700
492271,1494688493,388700
199529,1493555101,388700
235639,1493522341,388700
170019,1493526889,388700
756237,1493550470,388700
595416,1493506205,388700
472908,1493622105,388700
426393,1493621686,388700
241163,1493607346,437724
995184,1493616183,388700
995184,1493637851,388700
160164,1493639378,437724
191556,1493619660,437724
690468,1493635769,437724
1023169,1493568021,388700
445288,1493632187,388700
815984,1493599615,388700
242474,1493619428,388700
665184,1493623842,388700
294450,1493620001,388700
915808,1493614432,388700
300255,1493586129,388700
1129506,1493623133,388700
786338,1493642869,388700
171274,1493610877,388700
2404,1493598030,388700
756462,1493622504,388700
361900,1493606420,388700
1107789,1493646114,388700
852577,1493653855,388700
472908,1493596271,388700
513149,1493632178,388700
1034932,1493609384,388700
860399,1493622906,388700
860399,1493623008,388700
638958,1493618367,388700
115337,1493621520,388700
717824,1493607435,388700
874835,1493592643,388700
325148,1493609183,388700
104068,1493610708,388700
549947,1493612381,388700
549947,1493619542,388700
96602,1493604728,388700
769218,1493617458,388700
769218,1493604920,388700
769218,1493617486,388700
814234,1493606666,388700
582743,1493608415,388700
858581,1493599553,388700
263554,1493613517,388700
175557,1493601314,388700
566970,1493583704,388700
566970,1493581615,388700
566970,1493585522,388700
566970,1493590849,388700
981609,1493602425,388700
847503,1493617933,388700
704486,1493630517,388700
190934,1493618583,388700
615258,1493622821,388700
5220,1493593789,437724
296592,1493593497,437724
763296,1493606989,388700
761256,1493592545,388700
346842,1493598382,388700
278279,1493600400,388700
673367,1493646712,388700
966330,1493629364,388700
17794,1493595782,388700
978359,1493611590,388700
93143,1493637637,388700
99054,1493629635,388700
112925,1493597477,388700
250270,1493617099,388700
273141,1493605084,437724
16535,1493640170,388700
4397,1493651192,388700
889644,1493611912,388700
591520,1493569976,388700
968073,1493622183,388700
702853,1493648283,388700
474485,1493605615,388700
171274,1493611001,388700
757364,1493591636,388700
355703,1493601301,388700
1075260,1493587571,388700
453114,1493620578,388700
856428,1493635077,425589
789320,1493618018,388700
907118,1493568247,388700
389727,1493651974,388700
435008,1493615118,388700
387885,1493571109,388700
387885,1493575847,388700
726023,1493607919,388700
726023,1493609144,388700
779951,1493613645,388700
183861,1493608590,425589
198235,1493602461,425589
655206,1493606583,425589
222148,1493585757,425589
1042859,1493594140,425589
409070,1493605144,425589
1080422,1493620127,388700
296592,1493593487,388700
727641,1493645867,388700
554988,1493641506,388700
904030,1493604503,388700
633142,1493646587,388700
1000083,1493609313,388700
103075,1493612211,388700
1004032,1493633402,388700
1004032,1493633366,388700
872416,1493609820,388700
664635,1493568843,388700
880346,1493618673,437724
725803,1493598969,388700
996328,1493614736,388700
1041927,1494081760,388700
641982,1494068580,388700
641982,1494063441,388700
907437,1494076082,388700
876847,1494081598,388700
325831,1494077724,388700
473077,1494030331,388700
777336,1494063050,388700
346794,1494068504,388700
346794,1494067005,388700
723634,1494061517,388700
549287,1494027419,388700
171274,1494049083,388700
24612,1493567837,388700
413128,1493557756,388700
413128,1493557795,388700
760323,1493564410,388700
809000,1493515373,388700
427843,1493544052,388700
862991,1493539888,388700
863317,1493555889,388700
296172,1493557253,437724
763296,1493554427,388700
67226,1493559560,437724
464160,1493550472,388700
744627,1493520795,388700
257348,1493044655,437724
900036,1493037976,388700
900036,1493024883,388700
688878,1492968660,388700
174191,1493047387,437724
417821,1493027689,388700
566680,1492963476,388700
562591,1493036187,388700
549287,1493031243,388700
814747,1493001516,388700
689242,1492998976,388700
669741,1493019654,388700
685760,1493038136,388700
459694,1493028900,388700
478651,1493044904,388700
50137,1492990062,388700
433863,1493004601,388700
710286,1493036459,388700
1056469,1494690011,388700
638958,1494644082,388700
175557,1494629390,388700
1101101,1494638715,388700
313340,1494680256,388700
1037890,1494639707,388700
1006839,1494658920,388700
1063457,1492922642,388700
1012606,1492911817,388700
1062123,1492930600,388700
1119165,1492953405,388700
398785,1492945582,388700
725719,1492931007,388700
398675,1492943088,388700
104655,1492902860,388700
495989,1492931889,388700
825774,1492908559,388700
1025080,1492946374,388700
13920,1492933661,388700
442523,1492924889,388700
304593,1492935335,388700
854412,1492935852,388700
192572,1492948630,425589
192572,1492948605,425589
501564,1492916997,388700
240441,1492961202,388700
218791,1492955205,388700
1135931,1494676858,388700
422040,1494672715,388700
979446,1494662326,388700
986118,1494605078,388700
751710,1493009292,388700
761104,1492999578,388700
1027009,1493012037,388700
46266,1492968439,388700
1009206,1492987058,388700
133534,1493021946,388700
1060880,1493041557,388700
802879,1493043598,388700
1116717,1493041650,388700
284540,1493028197,388700
103640,1493014753,388700
28075,1492997209,388700
587020,1493002463,388700
820425,1493002254,388700
358936,1492990714,388700
456163,1493016211,388700
896053,1493032355,388700
887721,1493029665,388700
99736,1493009631,388700
1128085,1492976926,388700
863161,1493004564,388700
678637,1493025897,388700
436408,1492998951,388700
725719,1493044120,388700
1069139,1492972305,388700
436408,1492999202,388700
698183,1493004211,388700
698183,1493004297,388700
1080992,1493859270,388700
1080992,1493859315,388700
768236,1493875132,388700
494547,1493868019,388700
1133544,1493852420,388700
629731,1493901231,388700
731367,1493872320,388700
861858,1493876009,388700
269697,1493857180,388700
269697,1493856657,388700
1009093,1493866649,388700
359122,1493901859,388700
496233,1493901459,388700
56615,1493868887,388700
719539,1493855638,388700
5279,1493909858,388700
1049695,1493889337,388700
1049695,1493889441,388700
369127,1493860507,388700
631385,1493855884,388700
60576,1493909348,388700
725373,1493834106,388700
228972,1493877331,388700
575389,1493903883,388700
772849,1493896339,388700
772849,1493895656,388700
369127,1493860503,437724
795615,1494041921,388700
46395,1494035207,388700
1005587,1494028269,437724
902062,1494072834,388700
902062,1494072510,388700
583073,1494023882,388700
613738,1494045524,388700
878360,1494079256,388700
714233,1494035601,388700
594594,1494075898,388700
871643,1493564545,388700
901623,1493532826,388700
125265,1493554903,388700
125265,1493554964,388700
62178,1493544647,388700
789570,1493518199,388700
586365,1493547400,388700
148145,1493512266,388700
447443,1493516677,388700
741340,1493524645,388700
502715,1493509824,388700
141170,1493509319,388700
638330,1493482424,388700
1057395,1493766475,388700
360925,1493762146,388700
977803,1493818419,388700
886161,1493805518,388700
570303,1493789057,388700
852374,1493814784,388700
900385,1493776637,388700
1047970,1493769855,388700
1135516,1493816681,388700
849185,1493784633,388700
913846,1493772864,437724
483493,1493783196,388700
483493,1493783166,388700
311956,1493789820,388700
798384,1493786174,388700
629781,1493798701,388700
785716,1493780678,388700
1118802,1493775580,388700
744735,1493771003,388700
744735,1493770953,388700
178229,1493806822,388700
1118379,1493811196,388700
858274,1493774097,388700
404,1493783699,388700
129728,1493779343,388700
470411,1493815613,388700
364260,1493782564,388700
118952,1493782831,388700
521382,1493775647,388700
1013638,1493777322,388700
696138,1493770795,388700
785716,1493780866,388700
451569,1493764661,388700
278919,1493770465,388700
997219,1493787897,388700
997219,1493788371,388700
997219,1493804742,388700
696138,1493770726,388700
844486,1493797042,388700
1092370,1493775040,388700
1092370,1493775416,388700
1092370,1493774651,388700
1092370,1493775174,388700
1092370,1493775079,388700
1092370,1493775122,388700
1092370,1493774840,388700
1092370,1493775234,388700
1092370,1493774772,388700
1092370,1493775346,388700
3404,1493779064,388700
239889,1493807552,388700
454821,1493742664,388700
49002,1493807170,437724
707043,1493770553,388700
915912,1493805538,388700
801299,1493814312,388700
857181,1493777579,388700
847898,1493814391,388700
1049212,1493286754,388700
858467,1493300236,388700
73736,1493257035,370203
1085010,1493291203,370203
393236,1493290255,388700
28736,1493276409,388700
899213,1493267020,388700
422139,1494574260,388700
422139,1494573804,388700
979635,1494594739,388700
662710,1494564011,388700
1030339,1494551516,388700
214807,1494540934,388700
314592,1494564245,388700
416722,1494587167,388700
754784,1494522572,388700
754784,1494538611,388700
501342,1494602041,437724
501342,1494601992,437724
501342,1494601227,437724
333920,1494586804,388700
797393,1494546553,388700
782986,1494575446,388700
1106138,1494591808,388700
338024,1494547340,388700
66373,1494564129,388700
67968,1494560453,388700
274631,1494561495,388700
441324,1494054500,388700
226803,1494046864,388700
891759,1494071742,388700
756237,1494032535,388700
719749,1494030530,388700
587619,1494060814,388700
127424,1494042048,388700
185086,1494038634,388700
185086,1494038602,388700
185086,1494038565,388700
782299,1493542855,388700
144705,1493509191,388700
81131,1493546735,388700
309473,1493545349,388700
127562,1493561760,388700
909466,1493518632,388700
733004,1493546078,388700
851545,1493741505,437724
913846,1493772857,388700
593818,1493817143,388700
622814,1493768669,425589
1116553,1493808375,388700
616052,1493785138,388700
860082,1493794674,388700
212555,1493772490,388700
484115,1493773019,388700
484115,1493772958,388700
484115,1493772983,388700
1081521,1493793426,388700
913846,1493772867,388700
1105043,1493801402,388700
140813,1493767477,388700
660029,1493779021,388700
708933,1493785475,388700
340516,1493768286,388700
542773,1493780961,388700
1056668,1493770799,388700
336113,1493788324,388700
336113,1493788389,388700
255931,1493793752,388700
466835,1493809117,388700
375357,1493816819,388700
703898,1493772606,388700
404,1493783614,388700
66373,1493771816,388700
136478,1493784955,388700
196244,1493817162,437724
791338,1493784244,388700
876874,1493777430,388700
27544,1493788407,388700
27544,1493788410,437724
277675,1493809358,388700
784446,1493782534,388700
1011532,1493814390,388700
809615,1493820054,388700
789981,1493809243,388700
68402,1493787437,388700
68402,1493787487,388700
1050637,1493777292,388700
731230,1493777953,388700
829588,1493774859,388700
173028,1493771988,388700
51822,1493788048,388700
681384,1493790746,388700
617722,1493808919,388700
322295,1493263721,388700
32783,1493773593,388700
364873,1493770640,388700
313340,1493742428,388700
115337,1493826918,388700
115337,1493826793,388700
115337,1493826883,388700
423078,1493767768,388700
101163,1493767392,388700
624121,1493791681,388700
49002,1493808395,388700
454821,1493742660,388700
136318,1493809763,388700
110395,1493783962,388700
575897,1493803381,388700
575897,1493803307,388700
562591,1493806686,388700
562591,1493806834,388700
562591,1493806794,388700
791338,1493784207,388700
196244,1493817159,388700
27404,1493771585,388700
269112,1493813921,388700
700217,1493794091,388700
565947,1493788876,388700
278279,1493784469,388700
278279,1493784405,388700
278279,1493784527,388700
975420,1493815737,388700
1134803,1493814731,388700
865639,1493769034,388700
412183,1493795234,388700
127424,1493810180,388700
769475,1493799873,388700
779332,1493821764,388700
1130528,1493786662,388700
869151,1493779401,388700
717113,1493775180,388700
842415,1493777032,388700
785716,1493780422,388700
301648,1493779136,388700
913846,1493772862,388700
563111,1493804015,388700
563111,1493803955,388700
23521,1493816903,388700
382284,1493793575,388700
303190,1493789367,388700
278279,1493798296,388700
575897,1493803496,388700
404185,1493766916,437724
340516,1493768195,388700
1041927,1493784515,388700
1127678,1493776174,388700
73736,1493784836,425589
617951,1493774200,425589
80302,1493815802,425589
425604,1493805319,388700
1071259,1493780610,388700
731734,1493767562,388700
541913,1493768417,388700
897129,1493785245,388700
127424,1493809954,388700
748155,1493806282,388700
993361,1493779473,388700
761104,1493798497,388700
1065633,1493772896,388700
1065633,1493773024,388700
1086125,1493767185,388700
49002,1493808323,388700
583073,1493785612,388700
990093,1493817074,388700
477657,1493354452,388700
258036,1493352109,388700
258432,1493352042,388700
311473,1493367254,388700
311473,1493367224,388700
677835,1493341563,437724
445288,1493387683,388700
445288,1493387665,388700
445288,1493387702,437724
1044641,1493393789,388700
1011434,1493354039,388700
1072464,1493347649,388700
258432,1493347867,388700
756237,1493343484,388700
425604,1493311513,388700
566680,1493354017,388700
40610,1493357150,388700
745758,1493368501,388700
313340,1493309254,388700
1063457,1493341415,388700
782089,1493389801,388700
896476,1493353559,388700
217799,1493371578,388700
445288,1493387670,388700
1028176,1493346375,388700
445288,1493387652,388700
375151,1493365098,388700
500598,1494075585,388700
413268,1494072233,388700
810104,1494029118,388700
664635,1494033387,388700
339662,1494034259,388700
83041,1494075723,388700
375455,1494073507,370203
286220,1494026927,388700
492746,1494023496,388700
230257,1494077101,388700
334525,1493722391,388700
41251,1493717791,388700
896053,1493683714,388700
183998,1493660420,388700
94082,1493708750,388700
868598,1493714929,388700
327438,1493708851,388700
1067311,1493692285,388700
389501,1493731571,388700
1057395,1493694287,388700
442392,1493727593,388700
629731,1493716643,388700
767097,1493735942,388700
748663,1493718679,388700
748663,1493718718,388700
748663,1493718700,388700
167303,1493701033,388700
1121972,1493691788,388700
334525,1493722302,388700
387736,1493686529,388700
266404,1493693779,388700
116794,1493706645,388700
1085635,1493696240,388700
544928,1493709852,388700
544928,1493715227,388700
1001592,1493690135,388700
327438,1493714208,388700
767097,1493736887,388700
3094,1493729042,388700
783614,1493363546,388700
445288,1493387677,388700
736054,1493383537,388700
999994,1493345820,388700
445288,1493387623,388700
758056,1493387983,388700
986118,1493373304,388700
986118,1493373158,388700
47082,1493370401,388700
524995,1493338020,388700
1080516,1493351295,388700
174276,1493344857,388700
317567,1493378810,388700
907437,1493361223,388700
779332,1493371780,388700
425022,1493361351,388700
986118,1493374051,388700
192797,1493379860,388700
724100,1494658533,388700
734629,1493731933,388700
968224,1493712818,388700
968224,1493704332,388700
1110203,1493679255,388700
724200,1493708065,388700
733650,1493713182,388700
908354,1493725675,388700
94082,1493708723,388700
327438,1493714193,388700
697395,1493735216,388700
1076276,1493698426,388700
864891,1493716478,388700
793979,1493687076,388700
708326,1493730665,388700
200743,1493720895,388700
772702,1493692364,388700
68090,1493713032,388700
759286,1493709701,388700
797559,1493711238,388700
85293,1493730954,388700
839820,1493654963,388700
774189,1493724096,388700
964580,1493731180,388700
987727,1493727675,388700
81131,1493689608,388700
81131,1493689577,388700
1036540,1493709253,388700
628426,1493702557,388700
629731,1493712013,388700
426998,1493723644,388700
866979,1493728480,388700
1033396,1493699378,388700
43173,1493716254,388700
43173,1493716339,388700
937309,1493694090,388700
991404,1493360896,437724
752972,1493313656,388700
441798,1493328876,388700
24275,1493361338,388700
513712,1493368745,388700
258432,1493351386,388700
99054,1493372457,388700
445288,1493387698,388700
281703,1493342004,388700
281703,1493342038,388700
281703,1493342053,388700
281703,1493342075,388700
281703,1493342064,388700
281703,1493342020,388700
880580,1493385019,388700
880580,1493384930,388700
349073,1493366394,388700
756237,1493343389,388700
101163,1493382205,388700
1069192,1493375667,388700
440736,1493365327,388700
349073,1493366184,388700
1062123,1493300681,388700
576798,1493257754,388700
101163,1493269037,388700
254095,1492832283,388700
951673,1492791226,388700
656880,1492832647,388700
887049,1492827985,388700
599284,1492835760,388700
599284,1492835793,388700
97406,1492863486,388700
754800,1492843133,388700
425604,1492825047,388700
425604,1492825076,388700
217799,1492820684,388700
217799,1492822841,388700
1079944,1492863757,388700
1134485,1492817687,388700
185965,1492864372,388700
966981,1492855238,388700
559438,1492856952,388700
656880,1492832702,425589
358205,1492846708,388700
996642,1492790819,388700
503161,1492822868,388700
860399,1492866838,388700
582008,1494661476,388700
802879,1494648221,388700
799979,1493481919,388700
559214,1493543087,388700
475431,1493524948,388700
304858,1493552919,388700
254000,1493559079,388700
25064,1493512060,388700
475431,1493512489,437724
422963,1493523669,388700
312645,1493510736,388700
876936,1493565288,388700
798682,1493532159,388700
756237,1493550503,388700
379660,1493556767,425589
993787,1493524333,388700
1141341,1493520610,388700
1054434,1493549115,388700
431813,1492859370,388700
485160,1492859152,388700
128696,1492828070,388700
128696,1492825827,388700
128696,1492837425,388700
128696,1492827943,388700
128696,1492827868,388700
456163,1492836455,388700
200247,1492864398,388700
604038,1492846655,388700
1079944,1492871316,388700
735164,1492848502,388700
11818,1492840326,388700
11818,1492840299,388700
1004032,1492844845,388700
965533,1492834213,388700
965533,1492834310,388700
907118,1492832966,388700
149234,1492843373,388700
149234,1492843427,388700
488646,1492792883,388700
411508,1492855292,388700
768236,1492847778,388700
971421,1492824872,388700
971421,1492824902,388700
887372,1492834160,437724
887372,1492833381,437724
887372,1492828284,437724
810492,1493160457,388700
493615,1493180410,388700
789288,1493188274,388700
226140,1493152990,388700
226366,1493174343,388700
124924,1493200623,388700
838819,1493199284,388700
284789,1493182096,388700
284789,1493178739,388700
218565,1493212606,388700
1125860,1493180403,388700
11383,1493198334,388700
740798,1493173321,388700
522926,1493167575,388700
522926,1493166331,388700
522926,1493159930,388700
522926,1493144366,388700
885760,1493175300,388700
1095209,1493182911,388700
1026911,1493160617,437724
1026911,1493160620,437724
577350,1494066021,388700
759214,1494043471,388700
926455,1494081639,388700
655395,1494039893,388700
104522,1494035798,388700
902498,1494043392,388700
645684,1494059727,388700
503754,1494042038,388700
272600,1494158461,388700
672164,1494121530,388700
312860,1494125317,437724
773313,1494158684,388700
979650,1494156003,388700
739692,1494108667,388700
328400,1494127012,388700
11818,1494141055,388700
11818,1494140704,388700
11818,1494140720,388700
11818,1494140675,388700
975570,1494168435,388700
975570,1494168473,388700
459950,1494156769,388700
1072570,1494129967,388700
685760,1494092352,437724
1134485,1494132580,388700
58125,1494138621,388700
339644,1493196800,388700
322295,1493161468,388700
322295,1493180873,388700
535280,1493214087,388700
535280,1493213852,388700
484149,1493207803,437724
1063457,1493215724,388700
452984,1493190397,388700
66796,1493182358,388700
66796,1493182320,388700
66796,1493182341,388700
838736,1493187104,388700
713621,1493168016,370203
484149,1493207806,388700
1056387,1493162382,388700
226140,1493172654,388700
50137,1493219070,437724
23599,1493194301,388700
23521,1493170650,388700
155095,1493195882,388700
1085395,1493167381,388700
124924,1493200592,388700
842571,1493174224,388700
372154,1493173417,370203
1048198,1493186898,388700
333772,1493168638,388700
799651,1493220247,388700
880925,1494054719,388700
629164,1494068752,388700
853473,1494038885,388700
7045,1494045420,388700
740798,1494051534,388700
740798,1494051634,388700
1005587,1494028266,388700
447579,1494130656,388700
526332,1494123039,388700
756585,1494147798,388700
786338,1494158191,388700
758529,1494109837,437724
758529,1494109840,437724
689775,1494123450,388700
804408,1494125134,388700
548076,1494090873,388700
463180,1494123639,388700
496633,1494148637,388700
24984,1494125678,388700
868211,1494145199,388700
868211,1494145292,388700
733402,1494120043,388700
352132,1494166744,388700
352132,1494166228,388700
498916,1494118290,388700
442523,1494154387,388700
379660,1494135646,388700
789981,1494155918,388700
608603,1494152938,388700
583073,1494170957,388700
608603,1494152947,388700
767221,1493185855,388700
521185,1493175480,388700
799651,1493220520,388700
1038948,1493201069,388700
671199,1493187201,388700
1026911,1493160616,388700
1026911,1493160641,388700
1100190,1493204988,388700
173084,1493180966,388700
226140,1493157311,388700
93264,1493166214,437724
810492,1493177799,388700
1005587,1493221706,388700
341464,1493175427,388700
93264,1493166218,388700
740798,1493173262,388700
854573,1494650948,388700
186091,1494685236,388700
491552,1494661793,388700
491552,1494661487,388700
491552,1494661527,388700
593273,1494641707,388700
593273,1494641556,388700
1049162,1494643278,388700
808861,1494672570,388700
36361,1494607115,388700
86264,1494651841,388700
741658,1494654653,388700
741658,1494654694,388700
435193,1494639908,388700
492271,1494690065,388700
46800,1494216742,388700
333164,1494213586,437724
1052367,1494215522,388700
742448,1494178016,388700
616005,1494201809,388700
740798,1494210116,388700
740798,1494210169,388700
740798,1494210148,388700
1043488,1494242779,388700
687533,1494251366,388700
358936,1494174655,388700
442523,1494243731,388700
442523,1494240825,388700
1072532,1494212065,388700
586169,1494253538,388700
1094252,1494201488,388700
1094252,1494201460,388700
156705,1494212964,388700
385285,1494243420,388700
698043,1494246630,388700
698043,1494246478,388700
62178,1494227590,388700
352527,1494244815,388700
260429,1494209820,388700
887049,1494199634,388700
730060,1494229217,388700
1115361,1494241708,388700
764967,1494247423,388700
983568,1494223916,388700
386593,1494319915,388700
327438,1494282678,388700
729880,1494307245,388700
301648,1494336027,388700
1030339,1494299255,388700
372154,1494317137,388700
1053757,1494303036,388700
747260,1494329728,388700
760323,1494304652,388700
760323,1494304648,388700
486524,1494264648,388700
486524,1494264736,388700
486524,1494264586,388700
317567,1494335616,388700
834282,1494330068,388700
278279,1494289987,388700
916500,1494683557,388700
916500,1494683793,388700
11818,1494667999,388700
11818,1494669011,388700
858611,1494682397,388700
648899,1494640991,388700
98820,1494648737,388700
678952,1494418779,388700
958486,1494348209,388700
702608,1494417826,388700
810526,1494350070,388700
810526,1494350330,388700
517919,1494393666,388700
452034,1494347856,388700
463166,1494388204,388700
506906,1494371821,388700
322295,1494371503,388700
196484,1494348275,388700
29816,1494390765,388700
192260,1494393009,388700
689287,1494413431,388700
41434,1493094096,388700
1021680,1493111133,388700
1021680,1493111287,388700
930038,1493093681,388700
261645,1493112442,388700
683771,1493074265,388700
683771,1493074296,388700
166087,1493088085,388700
689242,1493128381,388700
1109833,1493085579,388700
170019,1493131629,388700
662710,1493085913,388700
662710,1493085981,388700
797055,1493111372,388700
178229,1493100432,388700
851916,1493105141,388700
526485,1493107019,388700
61633,1493083855,388700
229526,1493120913,388700
638958,1493079841,388700
633960,1493101974,388700
479196,1493560194,388700
716909,1493127555,388700
786338,1493119551,388700
900499,1493080230,388700
685760,1493079852,388700
842586,1493114780,388700
54796,1494648441,388700
438612,1494657070,388700
582743,1494670590,388700
103075,1494647605,388700
810526,1494663027,388700
469661,1494146085,388700
652637,1494139198,388700
1030339,1494299258,437724
542409,1494317548,388700
747020,1494073438,388700
878360,1494079096,388700
135776,1494031163,388700
135776,1494031136,388700
127424,1494042090,388700
67529,1494042488,388700
754094,1494034912,388700
224451,1494487867,388700
300853,1494488723,388700
872075,1494454823,388700
375331,1494463949,388700
349250,1494496413,388700
963233,1494432727,437724
789981,1494500085,388700
806048,1494487838,388700
423883,1494467339,388700
679976,1494489085,388700
126152,1494497125,388700
128696,1494515682,388700
565464,1494442744,437724
1046679,1494473804,437724
319790,1494311580,388700
913846,1494327115,388700
741968,1494317771,388700
741968,1494316559,388700
105469,1494330727,388700
105469,1494330260,388700
887372,1494311253,388700
810526,1494301345,388700
810526,1494260293,388700
101163,1494317586,388700
486524,1494285116,388700
327438,1494282683,388700
105469,1494331586,388700
105469,1494331249,388700
254574,1494340452,388700
1077407,1494271680,388700
975570,1494334703,388700
1063457,1494318508,388700
1063457,1494318519,388700
1140800,1494300129,388700
322295,1494284355,388700
322295,1494328884,388700
834282,1494330087,388700
834282,1494330093,388700
1037298,1494286611,388700
269816,1494288083,388700
950423,1494293103,388700
319790,1494311626,388700
170104,1494342600,388700
993032,1494635837,388700
778527,1494682919,388700
766803,1493297787,388700
327438,1493294962,388700
375037,1493225202,388700
771654,1493246261,388700
63657,1493257301,388700
20498,1493293313,388700
847644,1493273428,388700
456163,1493249490,388700
178551,1493257092,388700
239889,1493297344,388700
438612,1493270976,388700
976354,1493287664,388700
110883,1493252530,388700
423636,1493293795,388700
29066,1493217570,388700
744061,1493186019,388700
1096039,1493175298,388700
499820,1493216235,388700
736515,1493182597,388700
226140,1493154529,388700
788296,1493210853,388700
617620,1493200656,388700
617620,1493200556,388700
427843,1493218696,388700
218565,1493213187,388700
1041958,1493143067,388700
740798,1493173330,388700
627432,1493186937,388700
790949,1493215612,388700
917946,1493170283,388700
1128701,1493202599,388700
1128701,1493203694,388700
1082745,1493176205,388700
1082745,1493158815,388700
1082745,1493175526,388700
131309,1493195563,388700
671199,1493187648,388700
144887,1493176795,388700
144887,1493176696,388700
144887,1493176752,388700
885760,1493169988,388700
885760,1493170024,388700
333772,1493168634,437724
140854,1493560427,388700
471972,1493565153,388700
204457,1493535274,388700
204457,1493535364,388700
524809,1493520189,425589
782299,1493542800,388700
798682,1493531235,388700
847463,1493562086,388700
511547,1493516110,388700
11818,1493535277,388700
11818,1493535296,388700
11818,1493535313,388700
825031,1493509735,388700
769218,1494173158,388700
769218,1494173246,388700
1069543,1494249914,388700
1128085,1494237016,388700
351019,1494219588,388700
309116,1494238378,388700
309116,1494238699,388700
172736,1494205032,388700
1086331,1494217261,388700
935308,1494219942,388700
698043,1494246591,388700
675990,1494257103,388700
675990,1494257080,388700
1037298,1494246475,388700
1037298,1494250680,388700
810526,1494175730,388700
862516,1494237330,388700
59151,1494183149,425589
895267,1494218649,388700
579734,1494205194,388700
2672,1494223001,388700
700925,1494236488,388700
790824,1494200530,388700
68422,1494232810,388700
687533,1494251056,388700
779626,1494303175,388700
233080,1494329179,388700
686980,1494339762,388700
966981,1494313519,388700
834282,1494330077,388700
1037298,1494322290,388700
1037298,1494314964,388700
1037298,1494287942,388700
1037298,1494318204,388700
1037298,1494287773,388700
1037298,1494318516,388700
1037298,1494300536,388700
346449,1494303602,388700
834282,1494330080,388700
269816,1494290454,388700
913846,1494327127,437724
330393,1494323871,388700
761517,1493551207,388700
278482,1493559046,388700
278482,1493559023,437724
278482,1493558914,388700
337705,1493537580,388700
129530,1493522429,388700
464160,1493550358,388700
626209,1493552692,388700
281690,1494424261,388700
131640,1494377054,388700
131640,1494375453,388700
131640,1494376783,388700
702608,1494418524,388700
1038862,1494420333,388700
77712,1494377843,388700
741968,1494409771,388700
865639,1494371219,370203
471999,1494378694,388700
101907,1494370671,388700
1038862,1494420676,388700
633960,1494380630,388700
633960,1494379778,388700
663237,1494416205,388700
998429,1494431107,388700
150765,1494388999,388700
150765,1494388971,388700
468687,1494378109,388700
601924,1494390896,388700
628069,1493082584,388700
295796,1493078397,388700
295796,1493078365,388700
43134,1493126268,437724
43134,1493126181,437724
43134,1493126200,437724
43134,1493126161,437724
580857,1493125289,388700
1073010,1493080969,388700
864639,1493080933,388700
99054,1493118504,388700
33568,1493107495,388700
1063516,1493116815,388700
1127390,1493105645,388700
418087,1493106461,388700
717879,1493109284,388700
903266,1493083185,388700
756237,1493097210,388700
756237,1493097227,388700
824256,1493106879,388700
427930,1493126740,437724
475431,1493512485,388700
163203,1493552820,388700
512581,1493554279,388700
68422,1493555776,425589
993787,1493524280,425589
511449,1493557843,388700
602259,1494489022,388700
1030102,1494471976,388700
503539,1494497993,370203
503539,1494497971,370203
173596,1494507280,388700
1005713,1494491277,388700
854412,1494464639,388700
375331,1494463764,388700
127424,1494459888,388700
143853,1494497102,388700
378149,1494502222,388700
887049,1494469168,437724
887049,1494469185,437724
887049,1494469201,437724
776045,1494494139,388700
378636,1494508223,388700
475395,1494486432,388700
84938,1494471122,437724
468477,1494475008,388700
1005713,1494497806,388700
1030102,1494474530,388700
823793,1494466300,388700
1136298,1494505157,388700
834282,1494330084,437724
834282,1494330090,437724
359122,1494317441,388700
285447,1494292571,388700
34612,1494312649,388700
327438,1494282731,388700
546153,1494339313,388700
65254,1494310649,388700
432932,1494325563,388700
432932,1494325264,388700
887372,1494311282,388700
386593,1494308949,388700
1054477,1493538839,388700
43134,1493556521,388700
287435,1493551027,388700
62178,1493544529,388700
1128085,1493549106,388700
200247,1492951992,388700
553343,1492944456,425589
75232,1492922873,388700
1114399,1492946597,388700
774032,1492952167,388700
468902,1492937956,388700
277281,1492928351,437724
583995,1492946906,388700
391394,1492931732,388700
492271,1492878083,388700
861858,1492947810,388700
1022173,1492908700,388700
493557,1492946321,388700
114867,1492916071,388700
347422,1492942321,388700
1012606,1492911098,388700
70372,1492903391,388700
1005587,1494028138,388700
957254,1494032422,388700
535111,1494047454,388700
535111,1494047470,388700
535111,1494047435,388700
957254,1494038221,388700
1081521,1494039931,388700
372154,1494062427,388700
1128153,1494045905,388700
813313,1494075180,388700
316483,1494067601,388700
286220,1494030105,388700
278279,1494026353,388700
144705,1494074843,388700
1005587,1494028282,388700
322295,1494031205,388700
322295,1494031229,388700
322295,1494031924,388700
553405,1494563271,388700
95161,1494565880,388700
95161,1494564821,388700
767505,1494597258,388700
767505,1494597293,388700
470892,1494593723,388700
888664,1494549286,388700
685760,1494597768,388700
764534,1494599098,388700
45715,1494558460,388700
755130,1494541224,388700
799651,1494591067,388700
11818,1494559127,388700
1137015,1494558133,388700
408662,1494553509,437724
337797,1493958515,388700
118952,1493987922,388700
718575,1493949286,388700
416409,1493982028,388700
277281,1493981226,437724
1101101,1493971818,388700
586169,1493993255,388700
907437,1493994005,388700
107974,1493951355,388700
957254,1493974466,388700
430460,1493944525,388700
756237,1493944932,388700
983568,1493943857,388700
449526,1493988590,388700
446202,1493951207,388700
446202,1493953969,388700
187823,1493981443,388700
789981,1493969467,388700
1078231,1493954799,388700
754094,1493959022,388700
755130,1493997368,388700
756237,1493957312,388700
1101492,1493952774,388700
512259,1493988995,388700
1030339,1493609162,388700
730060,1493595348,388700
1048005,1493598113,388700
390115,1493602730,388700
501476,1493602180,388700
897259,1493604902,388700
681292,1493599412,388700
1069543,1493641759,388700
924497,1493616218,388700
33800,1493610904,388700
295915,1493622126,388700
985038,1493602379,388700
409344,1493599187,388700
739611,1493595356,388700
727641,1493646970,388700
760101,1493627638,388700
760101,1493627769,388700
695907,1493568635,388700
1000395,1493650586,388700
379660,1493591587,425589
503161,1493629856,388700
535280,1493605624,388700
1089130,1493607937,388700
962191,1493632082,388700
1022325,1493603443,388700
1110268,1493619089,388700
875229,1493583394,388700
255049,1493625102,388700
528977,1493606607,388700
1024207,1493614576,388700
453401,1493614332,388700
130310,1493594224,388700
415224,1493592936,388700
895459,1493594738,388700
660964,1493601239,388700
756462,1493622550,388700
459866,1493641575,388700
811725,1493598531,388700
461863,1493605454,388700
559438,1493641969,388700
278279,1493604395,388700
190934,1493616801,388700
52341,1493630016,388700
996328,1493614650,388700
727448,1493597219,388700
56977,1493651611,388700
513149,1493634704,388700
398675,1493653756,388700
664635,1493593964,388700
459638,1493639853,187963
966839,1493597230,388700
239839,1493597827,388700
239839,1493597887,388700
25500,1493605732,388700
137112,1493601914,388700
834127,1493601772,388700
834127,1493601210,388700
204739,1493598240,388700
1097038,1493586351,388700
723067,1493598665,388700
723067,1493612326,388700
1046720,1493603589,388700
7823,1493602498,388700
484191,1493611950,388700
421283,1493595370,388700
247483,1493646035,388700
531961,1493621409,388700
103075,1493625925,388700
351480,1493637534,388700
326094,1493609327,388700
445288,1493632194,388700
569815,1493605518,388700
295070,1493612890,388700
142456,1493596692,388700
257259,1493614561,437724
448231,1493620676,437724
5220,1493590273,388700
1133503,1493645591,388700
526884,1493610216,388700
452877,1493596375,437724
421283,1493594514,388700
272692,1493596040,388700
517731,1493991988,388700
1078231,1493956767,388700
756237,1493957333,388700
784753,1493960083,388700
888887,1493971605,388700
1022434,1493964757,388700
52727,1493985595,388700
327438,1493942777,388700
731935,1493988875,388700
108410,1493950542,388700
11818,1493955237,388700
819948,1493947819,388700
784753,1493960087,437724
430460,1493944461,388700
775049,1493946409,388700
710819,1493946239,388700
789981,1493975383,388700
458122,1493977066,388700
209885,1493967574,388700
1065059,1493958380,388700
129728,1493972146,388700
756237,1493944967,388700
1136552,1493941864,388700
583073,1493950679,388700
871170,1493951227,388700
256792,1493950576,388700
60971,1493940309,388700
1046720,1493603533,388700
736708,1493625466,437724
355124,1493620565,388700
239839,1493597870,388700
530881,1493601882,388700
272692,1493596222,388700
752972,1493601787,388700
362869,1493635523,388700
1046720,1493608498,388700
1046720,1493608477,388700
394559,1493623734,388700
658717,1493608002,388700
854135,1493606268,388700
101163,1493598010,388700
310903,1493594433,388700
466218,1493642420,388700
804408,1493647086,388700
996328,1493614690,388700
996328,1493614708,388700
1140932,1493627300,388700
760101,1493602856,437724
938215,1493597583,388700
938215,1493597330,388700
377182,1493649391,370203
377182,1493648927,370203
907118,1493590318,370203
1085918,1493642324,370203
482094,1493629041,388700
1129648,1493632289,388700
351892,1493600635,388700
54617,1493595185,388700
201912,1493610228,437724
273141,1493605087,388700
565511,1493600161,388700
1046720,1493603593,437724
1013638,1493631442,388700
858581,1493647117,388700
117112,1493593414,388700
1013439,1493635949,388700
196484,1493634701,388700
1046720,1493604253,388700
452877,1493596371,388700
627353,1493632749,388700
426393,1493620846,388700
185020,1493648675,388700
239839,1493597677,388700
398675,1493653670,388700
134476,1493616594,388700
724100,1493622663,388700
370856,1493609692,388700
296592,1493593495,388700
639712,1493647710,388700
647673,1493619127,437724
566970,1493582941,388700
772702,1493645273,388700
659504,1493609445,388700
565511,1493597082,388700
890903,1493638901,388700
908354,1493623376,388700
24612,1493568063,388700
658630,1493611173,388700
364873,1493653706,388700
448231,1493620612,388700
722096,1493596530,388700
485796,1493610463,388700
90563,1493990407,388700
674852,1493965049,388700
872527,1493960303,388700
898559,1493959410,388700
898559,1493960372,388700
881700,1493944279,388700
622325,1493976717,388700
278279,1493982294,388700
685760,1493977954,388700
311712,1493932774,388700
148145,1493967151,388700
957254,1493998950,388700
426753,1493996253,388700
91105,1493977469,388700
854412,1493946867,388700
189071,1493960728,388700
857738,1493976473,388700
344558,1493958081,388700
344558,1493958078,388700
747020,1493969550,388700
118952,1493994906,388700
756237,1493972810,388700
107544,1493957879,388700
107544,1493957995,388700
64813,1493952597,388700
784753,1493960692,388700
820982,1493947897,388700
419058,1493943532,388700
643098,1493941014,388700
1021680,1493948233,388700
1021680,1493948172,388700
426753,1493996074,388700
852011,1493971564,388700
696087,1493958378,388700
756237,1493944953,388700
232964,1493952362,388700
747213,1493609938,388700
1133668,1493645157,388700
700704,1493652234,388700
484191,1493616181,388700
420325,1493631974,388700
1046720,1493604264,437724
229926,1493619250,388700
736000,1493640170,388700
652775,1493622450,388700
652775,1493622398,388700
818640,1493626114,388700
73658,1493599178,388700
459694,1493628498,388700
839050,1493587097,388700
161773,1493570023,388700
822677,1493607150,388700
426393,1493620786,388700
4397,1493651266,388700
239510,1493615225,388700
160164,1493639374,388700
724100,1493623749,388700
724100,1493623739,388700
533117,1493592999,388700
86197,1493607676,437724
842586,1493602438,388700
589708,1493612650,437724
124638,1493604450,388700
1069406,1493647749,388700
86197,1493607701,388700
779951,1493613807,388700
493835,1493631854,388700
666609,1493609839,388700
423636,1493647395,388700
337309,1493625494,388700
538648,1493607947,388700
731419,1493599084,388700
295070,1493613571,388700
459638,1493644759,388700
516869,1493644098,388700
631726,1493650362,388700
459638,1493637960,388700
779951,1493613566,437724
160164,1493619635,388700
468477,1493624963,388700
900036,1493626320,388700
945445,1493605662,388700
346842,1493598351,437724
259236,1493608436,388700
259236,1493608463,388700
455528,1493610317,388700
615258,1493622134,388700
987037,1493615007,388700
99054,1493614199,388700
1035783,1493605020,388700
486951,1493644873,388700
239839,1493596695,388700
239839,1493596795,388700
724100,1493622673,388700
638530,1493632800,388700
498536,1493599975,388700
101893,1493649874,388700
898660,1493606485,388700
898660,1493606517,388700
507034,1493571023,388700
336017,1493568157,388700
423416,1493625493,388700
1036540,1493607905,388700
708095,1493636389,388700
222972,1493633001,388700
751710,1493971916,388700
674852,1493965097,388700
470819,1493951394,388700
74523,1493947071,388700
480701,1493978120,388700
899777,1493932639,388700
599858,1493959870,388700
384665,1493939608,388700
187823,1493981447,437724
61480,1493991522,388700
358936,1493971622,388700
480105,1493994125,388700
1021030,1493945768,388700
756237,1493972925,388700
986831,1493950754,388700
874956,1493988659,388700
328702,1493987443,388700
634854,1493971362,388700
420349,1493945096,388700
1122647,1493974554,388700
1122647,1493974515,388700
399526,1493986909,388700
559438,1493997957,388700
277281,1493951628,388700
74523,1493945668,388700
74523,1493945552,388700
1107893,1493957835,388700
772702,1493995322,388700
467115,1493987219,388700
467115,1493987248,388700
643098,1493940880,388700
681279,1493976490,388700
698334,1493960365,388700
390526,1493993936,388700
18368,1493970396,388700
685760,1493978149,437724
685760,1493978131,437724
745935,1493982246,388700
756237,1493944915,437724
47576,1493868015,388700
503754,1493858525,388700
872595,1493862851,437724
912012,1493864535,388700
288817,1493867257,388700
791632,1493877372,388700
547426,1493853302,388700
770622,1493890143,388700
798013,1493882209,388700
935947,1493874715,437724
254574,1493866517,437724
353691,1493865636,437724
825968,1493906752,388700
497619,1493867150,388700
644497,1493870078,388700
644497,1493869995,388700
103075,1493865898,388700
674467,1493871279,388700
497619,1493867267,388700
757394,1493891538,388700
593818,1493899104,437724
1019428,1493871561,388700
277412,1493879879,388700
1050315,1493858899,388700
1080992,1493859319,437724
278279,1493855200,388700
278279,1493868568,388700
531940,1493861611,388700
5279,1493910112,388700
718130,1493912221,388700
382648,1493854216,388700
990093,1493871494,437724
427182,1493872857,388700
1014193,1493872972,388700
1014193,1493872951,388700
1014193,1493872918,388700
462778,1493846993,388700
825968,1493906650,388700
566602,1493864014,388700
336305,1493870959,388700
186028,1493904877,388700
783568,1493853445,388700
329260,1493886476,388700
747020,1493912440,388700
747020,1493912409,388700
819948,1493947823,437724
674852,1493965026,388700
685760,1493977995,388700
685760,1493978109,388700
957254,1493974535,388700
52986,1493956092,388700
760101,1493992920,437724
343197,1493950389,388700
50787,1493950866,388700
50787,1493951690,388700
801320,1493960034,388700
801320,1493960087,388700
801320,1493959873,388700
801320,1493959935,388700
846602,1493944991,388700
907923,1493968062,388700
907923,1493968061,388700
744735,1493973205,388700
384665,1493943602,388700
384665,1493939647,388700
957254,1493974413,388700
152292,1493961067,388700
246879,1493989246,388700
281209,1493982229,388700
281209,1493982847,388700
1024755,1493995599,388700
550373,1493964971,388700
101163,1493939757,388700
266591,1493949197,388700
957254,1493998922,388700
264154,1493950052,388700
643091,1493915178,388700
634854,1493992225,388700
834564,1493991789,388700
499857,1493955216,388700
754094,1493959179,388700
957254,1493973598,388700
957254,1493974500,388700
343197,1493950095,388700
68422,1493971756,425589
681294,1493939372,388700
324382,1492943788,388700
852374,1492934766,388700
852374,1492934726,388700
852374,1492934797,388700
852374,1492934977,388700
852374,1492934920,388700
852374,1492934830,388700
852374,1492934884,388700
525445,1492952795,388700
525445,1492952686,388700
50137,1492876886,388700
177304,1492950016,388700
852374,1492934569,388700
821866,1492912573,388700
1079944,1492919781,388700
1085395,1492908790,388700
1079944,1492925153,388700
1079944,1492920022,388700
380493,1492925754,388700
656880,1492938900,388700
183998,1492953199,388700
851325,1492905789,388700
772698,1492923266,388700
11818,1492934193,388700
11818,1492918860,388700
127424,1492947392,388700
583864,1492917713,388700
887372,1492955843,388700
887372,1492955902,388700
307268,1492931014,388700
1009093,1492918899,388700
1032472,1492922947,388700
1079944,1492920608,388700
246375,1494058612,437724
1061412,1494047422,388700
883319,1494038241,388700
43134,1494030746,388700
43134,1494030731,388700
755130,1494022018,388700
471753,1494050812,388700
957254,1494033113,388700
703898,1494045040,388700
756237,1494032561,388700
18368,1494046871,388700
329325,1494039100,388700
957254,1494033165,388700
906201,1494037014,388700
629164,1494068350,388700
629164,1494068189,388700
756237,1494050401,388700
614398,1494042597,388700
327438,1494048553,388700
333990,1494053278,388700
333990,1494053321,388700
896475,1492964549,388700
689242,1492998980,279894
800741,1493031548,388700
1046679,1493023510,388700
50148,1493014761,388700
50148,1493014389,388700
473077,1492995095,388700
327438,1493027187,388700
77712,1493037839,388700
194621,1492992467,388700
148145,1493028843,388700
257348,1493044352,388700
1023169,1493039649,388700
559297,1493028814,388700
986688,1493007180,388700
658172,1493016253,388700
945617,1494068145,388700
907437,1494063009,388700
888069,1494043963,388700
60191,1494024980,388700
615487,1494067542,388700
1022576,1494055791,388700
127424,1494042052,437724
531386,1494026697,388700
531386,1494031552,388700
723634,1494061942,388700
723634,1494061819,388700
888069,1494043554,388700
1138986,1493719737,388700
1134675,1493737729,388700
700856,1493703090,388700
336025,1493719144,388700
2362,1493708984,388700
643098,1493698794,388700
295805,1493738797,388700
1134675,1493738142,388700
896069,1493687946,388700
41251,1493706637,388700
841599,1493698015,388700
136718,1493712800,388700
136718,1493712783,388700
136718,1493712755,388700
617722,1493721031,388700
896248,1493680919,388700
103075,1493694438,388700
386696,1493655156,388700
93262,1493735361,388700
334772,1493721687,388700
556701,1493699976,388700
556701,1493699942,388700
821879,1493718493,388700
442145,1493710446,388700
286955,1493691103,388700
633960,1493710964,388700
526884,1493723389,388700
544928,1493715203,388700
544928,1493709799,388700
782986,1493705916,388700
492702,1493704193,388700
63657,1493698537,388700
63657,1493690837,388700
286220,1493730879,388700
1118513,1493684147,388700
884462,1493654831,388700
756237,1493719242,388700
756237,1493696346,388700
266404,1493707223,388700
792102,1493687870,388700
857452,1493686158,388700
857452,1493686094,388700
701702,1493736816,388700
260456,1493700189,388700
260456,1493726212,388700
833404,1493721812,388700
833404,1493721782,388700
1053736,1493692434,388700
818953,1493431858,388700
613043,1493463509,437724
293039,1493460277,388700
1137392,1493446287,388700
754506,1493435652,388700
503626,1493450325,388700
707148,1493478182,388700
688878,1493402961,388700
688878,1493402981,388700
1134084,1493429616,388700
97033,1493456646,388700
360790,1493480960,388700
885076,1493465992,388700
174276,1493457763,388700
523106,1493428301,388700
178062,1493433665,388700
178062,1493433622,388700
675039,1493446469,425589
725929,1493473142,388700
787208,1493436197,388700
787208,1493436211,388700
1004606,1493708190,388700
246699,1493736945,388700
1044259,1493707204,388700
59609,1493731750,388700
701702,1493736022,388700
293887,1493692099,388700
1059635,1493708899,388700
327438,1493708823,388700
1069989,1493697117,388700
439052,1493729261,388700
349250,1493686993,388700
1057395,1493694222,388700
375037,1493713933,388700
200743,1493720854,388700
156060,1493702342,388700
178200,1493725914,388700
804613,1493675659,388700
46395,1493689671,388700
261436,1493731208,388700
327438,1493714163,388700
1115416,1493684539,388700
583043,1493708900,388700
10291,1493680090,388700
10291,1493679910,388700
10291,1493680116,388700
10291,1493679874,388700
490199,1493722576,388700
155769,1493691600,388700
767181,1493714446,388700
988651,1493719812,388700
988651,1493719900,388700
887372,1493739407,388700
247432,1493726786,388700
688599,1493705416,388700
888476,1493715534,388700
888476,1493715493,388700
707043,1493717625,388700
460905,1493694136,388700
415293,1493712705,388700
286955,1493690871,388700
286955,1493691045,388700
662933,1493732741,388700
372072,1493731647,388700
372072,1493733016,388700
756237,1493422955,388700
390115,1493476013,388700
118952,1493402787,388700
773470,1493462776,388700
390115,1493480419,437724
885076,1493465940,388700
887900,1493471313,388700
613043,1493463505,388700
503626,1493450321,437724
526884,1493479804,388700
492748,1493469908,388700
937309,1493458972,388700
937309,1493459016,388700
1137392,1493444459,388700
787208,1493454704,388700
743500,1493431209,388700
743500,1493431073,388700
725719,1493464312,388700
360790,1493480977,437724
752972,1493446167,388700
530126,1493425090,388700
231286,1493435935,388700
124963,1493466223,388700
85941,1493462060,388700
459654,1494593985,388700
343124,1494555759,388700
807646,1494599642,388700
138487,1494596253,388700
1092207,1494587819,388700
464900,1494584722,388700
888664,1494556943,388700
732988,1494593785,388700
959602,1494547407,388700
1046241,1494568644,388700
638217,1494558657,388700
782299,1494555444,388700
497660,1494573139,388700
818062,1494595788,370203
548979,1494584589,388700
994007,1494571746,388700
1053757,1494577893,388700
53004,1494598366,388700
547300,1494583005,388700
547300,1494552911,388700
421845,1493478624,388700
862991,1493477234,388700
502715,1493477055,388700
756237,1493422809,388700
8863,1493422629,388700
8863,1493422597,388700
492271,1493437393,388700
734268,1493471555,388700
93143,1493455211,388700
492271,1493437377,388700
224750,1493466966,437724
557668,1494589285,388700
557668,1494589231,388700
1051711,1494569568,388700
475303,1494555661,388700
61975,1494550635,388700
794700,1494568833,388700
540160,1494538403,388700
411055,1494589221,388700
128696,1494561252,388700
24984,1494545821,437724
1051711,1494587021,388700
662710,1494564065,388700
211860,1494590431,388700
413128,1494543704,388700
413128,1494543791,388700
174271,1494577444,388700
1135621,1493418495,388700
1086403,1493444041,388700
502715,1493476752,388700
985336,1493434641,388700
950423,1493463397,388700
622268,1493455721,388700
848548,1493432098,388700
772698,1493433371,388700
376390,1493471679,388700
175557,1493464712,388700
104068,1493470976,388700
372154,1493461560,388700
752175,1493457666,388700
360790,1493480974,388700
507023,1493443657,388700
101907,1493440420,388700
53620,1493469056,388700
285800,1493447520,388700
1011909,1493443196,388700
149234,1493424846,388700
559438,1493442408,388700
572334,1493461410,388700
24984,1493448827,183945
24984,1493448724,183945
24984,1493448751,183945
24984,1493448690,183945
1100523,1493427269,388700
1093713,1493439444,388700
870535,1493434300,437724
870535,1493434184,437724
1034050,1493878016,388700
1034050,1493877939,388700
202952,1493870977,388700
202952,1493870937,388700
990093,1493871490,388700
36505,1493871118,388700
382648,1493854249,388700
734165,1493899430,388700
877520,1493876841,388700
646726,1493877513,388700
990093,1493871461,388700
900385,1493905693,388700
218325,1493887468,388700
353691,1493865632,388700
238525,1493885126,388700
484115,1493891730,388700
751710,1493869539,388700
255931,1493874837,388700
1109884,1493858631,388700
84289,1493893783,388700
913052,1493870454,388700
462778,1493847079,388700
1055259,1493860492,388700
1077407,1493899730,388700
1077407,1493899643,388700
275924,1493862330,388700
1075450,1493901844,388700
1075450,1493901734,388700
484115,1493870702,388700
578681,1493900453,388700
723908,1493853347,388700
592586,1493885110,388700
1023448,1493876332,388700
807316,1493850254,388700
1052222,1493859719,388700
389501,1493853093,388700
448996,1493913215,437724
824645,1493867594,388700
903950,1493855271,388700
872595,1493860803,437724
238525,1493884988,388700
80302,1493899432,425589
1021680,1493863197,388700
770622,1493862758,388700
182267,1493870563,388700
800223,1493913174,388700
1036540,1493861523,388700
1090557,1493901741,388700
756237,1493867447,437724
511508,1493474607,388700
1134084,1493429521,388700
390115,1493480415,388700
130045,1493444574,388700
756237,1493422884,388700
1069318,1493470812,388700
269112,1493472461,388700
269112,1493472487,388700
1005819,1493428825,388700
675039,1493446434,388700
422981,1493467050,388700
803725,1493464483,388700
821866,1493461438,388700
304593,1493439034,388700
414397,1493478193,388700
1055221,1493456659,388700
422963,1493459155,388700
848548,1493432170,388700
526976,1493427905,388700
731367,1493465737,388700
756237,1493422863,388700
467583,1493468884,425589
11818,1493467218,388700
11818,1493467195,388700
1011592,1493430970,388700
536950,1493442080,388700
517644,1492940485,388700
378149,1492919608,388700
200247,1492951996,437724
1094129,1492953048,388700
1025080,1492946644,388700
777158,1492880681,388700
789565,1492957232,388700
210090,1492910308,388700
515081,1492905268,425589
967310,1492919573,370203
64667,1492947518,388700
625911,1492915130,388700
360925,1492922985,388700
513718,1492941634,388700
667787,1492943406,388700
1026911,1492926992,388700
328825,1492950394,388700
92987,1492911610,388700
540160,1492909570,388700
795615,1492957575,388700
1079944,1492919597,183945
1079944,1492919490,183945
1043201,1494671126,388700
1022,1494668965,388700
255931,1494640074,388700
473341,1493567325,388700
695907,1493567246,388700
891142,1493564534,388700
909544,1493553669,388700
170019,1493526862,388700
971421,1492825010,388700
971421,1492825332,437724
971421,1492825306,437724
251957,1492847156,388700
892057,1492875623,388700
186091,1492859135,388700
1118802,1492857472,388700
347422,1492862304,388700
103075,1492816495,388700
114906,1492801069,388700
638958,1492843970,388700
448231,1492830661,388700
334772,1492819225,388700
347422,1492860979,388700
178551,1492865405,388700
217799,1492822979,388700
217799,1492822857,388700
217799,1492820790,388700
217799,1492822932,388700
217799,1492822963,388700
217799,1492821406,388700
217799,1492822900,388700
217799,1492822949,388700
217799,1492822915,388700
217799,1492820761,388700
217799,1492822873,388700
583073,1494630533,388700
394007,1494053035,388700
464900,1494001809,388700
654249,1494039303,388700
591228,1494037584,388700
67529,1494042485,437724
772264,1494056285,388700
616967,1494038070,388700
821879,1494049695,388700
957254,1494032375,388700
64172,1494028280,388700
286220,1494027210,388700
413268,1494072397,388700
754800,1493011376,388700
679385,1493020230,388700
257348,1493043892,388700
66954,1493022577,388700
133534,1493022084,388700
255820,1493019536,388700
255820,1493019488,388700
559297,1493028744,388700
278482,1493038798,388700
793827,1493042185,388700
305691,1493004043,388700
1063457,1492993743,388700
739090,1493019787,388700
739090,1493017072,388700
296087,1493037027,388700
305691,1493004260,388700
1058720,1493022363,388700
24984,1492995951,388700
1033513,1493022412,388700
1011023,1493005460,388700
305691,1493044230,388700
305691,1493044430,388700
141170,1493509233,388700
644209,1493540671,388700
473341,1493564932,388700
185965,1493527306,388700
427843,1493544139,388700
825422,1493549354,388700
564642,1493563942,388700
353777,1493550177,388700
379949,1493520006,388700
827744,1493516808,388700
489469,1493545678,388700
655395,1493541724,388700
479196,1493560304,388700
695907,1493566462,388700
290864,1493528395,388700
763296,1493560322,388700
909856,1493516162,388700
909856,1493516124,388700
909856,1493516050,388700
909856,1493516092,388700
1103135,1493723012,388700
311437,1493717433,388700
1003583,1493720745,388700
418087,1493695008,388700
1133367,1493698227,388700
279345,1493691062,388700
48247,1493705129,388700
769218,1493706917,388700
1098193,1493684938,388700
1098193,1493685109,388700
570005,1493726602,388700
570005,1493726628,388700
1085395,1493710486,388700
256405,1493691791,388700
337705,1493695154,388700
1085635,1493697414,388700
438575,1493726698,388700
1011242,1493714498,388700
745916,1493687163,388700
1103135,1493719138,388700
1103135,1493719116,388700
773313,1493720163,388700
260456,1493698780,388700
104343,1493687320,388700
734629,1493731862,388700
1120259,1493733937,388700
721296,1493686489,388700
665980,1493709110,388700
502948,1493732603,388700
1029269,1493699392,388700
717879,1493688321,425589
470511,1493723980,425589
784343,1493735867,425589
350190,1493721413,425589
695791,1493703074,388700
653853,1493697960,388700
156060,1493703038,388700
707148,1493700380,388700
63220,1493655281,437724
386593,1493708023,388700
1116717,1493719399,388700
1110203,1493678999,388700
756237,1493696249,437724
445288,1493387709,388700
477662,1493351369,388700
1038878,1493336741,388700
533274,1493357801,388700
118952,1493359834,388700
297724,1493370078,388700
297724,1493369973,388700
194948,1493367993,388700
756237,1493343355,388700
756237,1493343437,388700
199529,1493344647,388700
445288,1493387714,388700
468687,1493389666,388700
616430,1493387690,388700
986118,1493373357,388700
997946,1493350694,388700
168240,1493387931,388700
349073,1493366349,388700
103075,1493341846,388700
246699,1493763804,388700
718575,1493778487,388700
857181,1493777512,388700
276040,1493766735,388700
276040,1493766797,388700
154173,1493789373,388700
395649,1493764218,388700
56718,1493741598,388700
624983,1493786183,388700
234635,1493801932,388700
234635,1493801783,388700
234635,1493801993,388700
1116553,1493810061,388700
691476,1493789924,388700
903950,1493770076,388700
935422,1493819758,388700
935422,1493817182,388700
295057,1493811041,388700
502405,1493816989,388700
1130528,1493786722,388700
756237,1493820953,388700
1127678,1493773635,388700
395649,1493764383,388700
9150,1493814998,388700
327438,1493773219,388700
1116553,1493808486,388700
907118,1493796143,388700
71811,1493820964,388700
56718,1493741634,388700
167410,1493821488,437724
404,1493783618,437724
828122,1493808162,388700
516356,1493786166,388700
272600,1493776888,388700
1116553,1493809211,388700
278919,1493770426,388700
628069,1493773491,388700
628069,1493781105,388700
1122746,1493770754,388700
935422,1493816980,388700
593273,1493805859,388700
593273,1493805817,388700
593273,1493805878,388700
756237,1493820886,388700
419440,1493791764,388700
688394,1493814209,388700
688394,1493814152,388700
750845,1493767521,388700
750845,1493766260,388700
75082,1493776215,388700
672567,1493777589,388700
286955,1493775932,388700
100625,1493769661,388700
1122746,1493773582,388700
170709,1493818783,388700
831091,1493767075,437724
212555,1493773656,388700
212555,1493772990,388700
110500,1493809645,388700
471972,1493780473,388700
136478,1493776401,388700
667787,1493797781,388700
582483,1493787293,437724
364873,1493767914,388700
101163,1493767351,388700
56718,1493741580,388700
454821,1493742699,437724
1015300,1493772191,437724
297724,1493370163,388700
1056679,1493346052,388700
440736,1493348874,388700
772849,1493382662,388700
456163,1493361954,388700
349862,1493365223,388700
750682,1493370620,388700
101163,1493382288,388700
904799,1493384657,388700
783614,1493363489,388700
699761,1493387533,388700
439904,1493381786,388700
1060445,1493313858,388700
397743,1493372884,388700
24568,1493361617,388700
783568,1493359536,388700
718717,1493357979,388700
268687,1493334135,388700
342995,1493312156,388700
459851,1493356035,388700
662079,1493366837,388700
1137746,1493392933,388700
140813,1493386685,388700
1117602,1493343005,388700
68422,1493374170,425589
664063,1493348721,388700
152166,1493368564,388700
1117602,1493343185,388700
581866,1493338370,388700
971867,1493385047,388700
359332,1493385432,388700
445288,1493387657,388700
821866,1492827654,388700
1081521,1492831385,388700
112384,1492858465,388700
425604,1492824908,388700
39149,1492851359,388700
39149,1492851400,388700
192572,1492865114,425589
590615,1493186188,388700
2992,1493213694,388700
2992,1493213716,388700
981518,1493170520,388700
359122,1493190186,388700
359122,1493193936,388700
359122,1493220152,388700
29066,1493217492,388700
1011014,1493181965,388700
774511,1493200545,388700
310509,1493179089,388700
310509,1493179069,388700
310509,1493179052,388700
310509,1493178998,388700
310509,1493179027,388700
668280,1493171169,388700
503161,1493160135,388700
233080,1493192244,388700
638958,1493191557,388700
638330,1493162576,388700
696197,1493215568,388700
696197,1493215343,388700
896053,1493165566,388700
1092207,1493165145,388700
2992,1493213720,437724
110350,1493183786,388700
799651,1493219882,388700
799651,1493219861,388700
1117192,1493281544,388700
890903,1493300518,388700
1049212,1493287610,388700
309777,1493270561,388700
917306,1493265721,388700
913902,1493264239,388700
120170,1493280834,388700
604737,1493298946,388700
906936,1493244951,425589
820422,1493302225,388700
820422,1493302592,388700
327438,1493294732,388700
50148,1493265834,388700
1021680,1493268042,388700
759587,1493260087,388700
63368,1493259010,388700
751710,1493273277,388700
614295,1493254764,388700
1077554,1493234252,388700
1013001,1493295521,388700
308777,1493254335,388700
769218,1493287603,388700
769218,1493250245,388700
769218,1493287576,388700
745916,1493291867,388700
104068,1493258484,388700
745758,1493280710,388700
1069543,1493294459,388700
2404,1493185594,388700
1005672,1493155595,388700
756237,1493193603,388700
477662,1493183877,388700
838819,1493199247,388700
896581,1493194490,388700
390616,1493157484,388700
742448,1493144159,388700
2992,1493213791,388700
805257,1493174213,388700
756237,1493193556,388700
1000644,1493195173,388700
977803,1493209273,388700
890928,1493267854,388700
327438,1493265488,388700
423636,1493293754,388700
104522,1493250153,388700
68422,1493289430,425589
907118,1493306701,388700
769390,1493302541,388700
769390,1493302465,388700
327438,1493294936,388700
425604,1493300284,388700
425604,1493300269,388700
425604,1493259699,388700
778527,1493293476,388700
63368,1493263335,388700
837463,1493274514,388700
679976,1493253199,388700
423636,1493293820,388700
1049212,1493288386,388700
85293,1493217310,388700
842586,1493175918,388700
842586,1493177012,388700
785294,1493169166,388700
1101379,1493164159,388700
1101379,1493164177,388700
1101379,1493164286,388700
756237,1493193583,388700
454821,1493198132,388700
447416,1493183477,437724
1048198,1493187038,388700
887372,1493214738,388700
908286,1494148581,388700
887372,1494165039,388700
624085,1494171602,388700
334772,1494113694,437724
594497,1494149920,388700
594497,1494149822,388700
308128,1494155080,388700
344510,1494125301,388700
344510,1494124891,388700
804408,1494125097,388700
755992,1494141533,388700
463741,1494154203,388700
148145,1494157673,388700
334772,1494113692,388700
17832,1494109588,425589
52194,1494115729,425589
791490,1494153324,425589
68422,1494128479,425589
68422,1494128569,425589
565464,1494140983,388700
1118513,1494139470,388700
599284,1494142714,388700
366355,1494140084,388700
312860,1494125315,388700
757104,1494141889,388700
1031637,1494168026,388700
327342,1494142866,388700
1033362,1494134745,388700
296805,1493083232,388700
673283,1493082664,388700
673283,1493082640,388700
1102645,1493085947,187963
89745,1493086541,388700
668280,1493075741,388700
668280,1493075779,388700
993032,1493089157,388700
256792,1493121150,388700
43967,1493100868,388700
194295,1493134525,388700
67275,1494167208,388700
67275,1494167452,388700
254574,1494158391,437724
370157,1494120111,388700
164849,1494170836,388700
58125,1494138388,388700
58125,1494138074,388700
227413,1494109680,388700
227413,1494108829,388700
325663,1494131096,388700
532007,1494111422,388700
789891,1494129335,388700
608603,1494152827,388700
142284,1494124145,388700
94082,1494137268,388700
458801,1494153395,388700
458801,1494152087,388700
521925,1494138467,388700
314380,1494164098,388700
508350,1494168229,388700
508350,1494167956,388700
68402,1494119161,388700
1021680,1494167759,388700
789981,1494121935,388700
322295,1494172367,388700
831317,1494128539,388700
1018811,1494118183,388700
156705,1494127756,388700
1004032,1494155305,388700
908054,1494114795,388700
943219,1494126241,388700
943219,1494126346,388700
553445,1493081739,388700
1135516,1493098217,388700
1073010,1493082579,388700
553066,1493106633,388700
628558,1493077203,388700
638530,1493104086,388700
627432,1493126672,388700
1084879,1493121959,388700
1084879,1493122024,388700
98221,1493105915,388700
1109833,1493086022,388700
1115361,1494111177,388700
735164,1494149366,388700
908054,1494114799,437724
860399,1494138451,388700
654249,1494154452,388700
638958,1494114737,388700
874835,1494156898,388700
630525,1494146514,388700
458801,1494157131,388700
654249,1494154294,388700
272600,1494158423,388700
595013,1494122663,388700
1013792,1494168548,388700
1013792,1494168433,388700
460748,1494168120,388700
278279,1494121772,388700
1079944,1494147125,388700
118504,1494169525,388700
492746,1494108283,388700
1063457,1493216012,437724
756237,1493193535,388700
522926,1493209418,388700
522926,1493190534,388700
522926,1493197096,388700
522926,1493209520,388700
1019676,1493159983,388700
486951,1493182865,388700
700032,1493175162,388700
700032,1493175071,388700
190313,1493173614,388700
190313,1493173700,388700
283322,1493176779,388700
1037298,1494226056,388700
1037298,1494238564,388700
1037298,1494246326,388700
1037298,1494245600,388700
1037298,1494246174,388700
1037298,1494238673,388700
1037298,1494245443,388700
1037298,1494225961,388700
710791,1494221189,388700
510969,1494233953,388700
510969,1494233776,388700
1037298,1494250792,388700
1037298,1494226239,388700
1037298,1494238850,388700
1037298,1494221219,388700
1037298,1494251081,388700
327436,1494253710,388700
327436,1494253691,388700
327436,1494253749,388700
327436,1494253731,388700
327436,1494253690,388700
810526,1494256566,388700
810526,1494256729,388700
810526,1494256935,388700
810526,1494257030,388700
810526,1494236994,388700
393921,1494232784,388700
675990,1494257052,388700
506515,1494230022,388700
688092,1494240300,388700
168430,1494211128,388700
456163,1494218509,388700
808053,1494229914,388700
37007,1494305098,388700
37007,1494304797,388700
517998,1494320891,388700
887372,1494306492,388700
1034168,1494292513,388700
887372,1494311268,388700
306960,1494307860,388700
306960,1494307911,388700
458198,1494307147,388700
46416,1494307055,388700
46416,1494307017,388700
461761,1494327756,437724
352527,1494302189,388700
712467,1494294889,425589
425334,1494229376,388700
517919,1494215834,388700
1098887,1494251319,388700
162091,1494219070,388700
898660,1494209500,388700
50422,1494248045,388700
50422,1494248119,388700
641267,1494244400,388700
814234,1494213445,388700
333164,1494213582,388700
506515,1494231596,388700
873304,1494204448,388700
1134485,1494201335,388700
177975,1494222918,388700
810526,1494220250,388700
500885,1494258247,388700
433618,1494245203,388700
328400,1494196178,388700
101823,1493054026,388700
1044641,1493079859,388700
981644,1493114410,388700
754094,1493112985,388700
224082,1493092364,388700
553066,1493100777,388700
528448,1493103185,388700
764967,1494247397,388700
764967,1494247372,388700
144887,1494250780,388700
73909,1494209416,388700
141199,1494250658,437724
52194,1494210242,388700
491917,1494255877,388700
209237,1494218839,388700
244944,1494225319,388700
321213,1494236819,388700
456163,1494228339,388700
456163,1494228428,388700
1032357,1494208389,388700
944331,1494176616,388700
593015,1494242473,388700
998429,1494234360,388700
322295,1494236683,388700
73909,1494209366,388700
73909,1494209567,388700
1001592,1494323139,388700
103640,1494287271,388700
913846,1494327821,388700
770504,1494304617,388700
813313,1494284430,388700
913846,1494327119,388700
834282,1494332347,388700
461761,1494327688,388700
754600,1494297996,388700
789981,1494503016,388700
678952,1494509022,388700
181849,1494487065,388700
84938,1494471118,388700
716386,1494486744,388700
202533,1494481244,388700
619997,1494509252,388700
701702,1494516472,388700
789981,1494491450,388700
802865,1494487700,388700
701702,1494515782,388700
494683,1494505397,388700
168872,1494340216,388700
168872,1494341433,388700
168872,1494342737,388700
463055,1494309570,388700
463055,1494309401,388700
273590,1494343912,388700
358936,1494322592,388700
1043877,1494323404,388700
1043877,1494323548,388700
327438,1494282738,388700
528691,1494311001,388700
362133,1494318100,388700
1049212,1494337830,388700
1049212,1494337871,388700
461761,1494327753,388700
656749,1494305841,388700
656749,1494305515,388700
754094,1494294644,388700
913846,1494327124,388700
168872,1494343194,388700
486524,1494264430,437724
834282,1494330058,388700
161773,1494376555,388700
406073,1494377438,388700
1048491,1494411467,388700
1048491,1494411290,388700
382648,1494410450,388700
1045408,1494407790,388700
501342,1494429446,437724
1023654,1494420063,388700
789981,1494412282,425589
896647,1494346648,388700
702608,1494418803,388700
131640,1494377522,388700
131640,1494408828,388700
686347,1494394482,388700
601924,1494390741,388700
643098,1494418706,388700
536164,1493111382,388700
53004,1493130887,388700
508427,1493095519,388700
139176,1493075185,388700
191476,1493085055,388700
181849,1493095001,388700
11818,1493106028,388700
11818,1493107581,388700
11818,1493106005,388700
1026911,1493116443,388700
528448,1493063526,388700
969320,1493090283,388700
823130,1493085519,388700
50137,1493081000,388700
782986,1493075080,388700
508427,1493095428,388700
66796,1493118726,388700
33568,1493107516,388700
922019,1493130249,388700
922019,1493129851,388700
1109884,1494418585,388700
376002,1494380714,388700
85340,1494427287,388700
658229,1494408152,388700
316383,1494417710,388700
316383,1494417755,388700
85340,1494423652,388700
484598,1494372303,388700
77712,1494378196,388700
43915,1494400560,388700
957720,1494384107,388700
957720,1494384885,388700
957720,1494383087,388700
674852,1494383943,437724
530126,1494402483,388700
731286,1494371951,388700
337779,1494370671,388700
1041927,1493089996,388700
897047,1493117770,388700
74523,1493124035,388700
142635,1493110036,388700
745916,1493100605,388700
522926,1493129551,388700
522926,1493130712,388700
522926,1493073608,388700
322295,1493087746,388700
310509,1493129938,388700
310509,1493129914,388700
310509,1493129971,388700
310509,1493129992,388700
310509,1493129875,388700
360790,1493112912,388700
47576,1493114597,388700
43967,1493101160,388700
26453,1494475432,388700
1047970,1494460657,388700
823793,1494466239,388700
94082,1494437706,388700
583073,1494473594,388700
583073,1494473538,388700
583073,1494473565,388700
428330,1494506151,388700
1037298,1494457694,388700
1037298,1494457847,388700
375331,1494463803,388700
864567,1494468890,388700
375331,1494463885,388700
806048,1494487257,388700
806048,1494487099,388700
790687,1494476432,388700
66373,1494482350,388700
616430,1494465264,388700
834282,1494332358,388700
734305,1494318530,388700
913846,1494327111,388700
398675,1494307831,388700
152777,1494312345,388700
834282,1494330035,388700
63368,1494294313,388700
945617,1494307385,388700
945617,1494307354,388700
511269,1494318972,388700
511269,1494319649,388700
834282,1494330026,388700
593818,1493889008,388700
593818,1493888974,388700
1134485,1493877868,388700
860051,1493885732,388700
298774,1493860716,388700
23599,1493861808,388700
883613,1493829695,388700
752035,1493889262,388700
1029476,1493872457,388700
766231,1493861143,388700
503754,1493858529,437724
776437,1493909995,388700
120419,1493851056,388700
645426,1493880435,388700
935308,1493909281,388700
718130,1493912314,388700
272600,1493860547,388700
994007,1493874837,388700
1107010,1493855958,388700
1107010,1493856345,388700
1107010,1493856084,388700
1107010,1493856268,388700
1107010,1493856237,388700
1050941,1493870760,388700
122417,1493885699,388700
142975,1493863429,388700
238525,1493885203,388700
806125,1493832506,388700
254997,1493871191,388700
617722,1493857628,388700
617722,1493857408,388700
573476,1493865220,388700
887049,1493899818,388700
1009093,1493862751,388700
515803,1493880355,388700
1101379,1493854467,388700
1021680,1493897092,388700
757394,1493883284,388700
1127035,1493912037,388700
616751,1493871861,388700
421618,1493875160,388700
315004,1494680871,388700
774054,1493564403,388700
1084949,1493564262,388700
583073,1493529726,388700
669080,1493567777,388700
1083809,1493031657,388700
934296,1493552014,388700
456163,1493525535,388700
741920,1493552816,388700
160164,1493542015,388700
1116717,1493719342,388700
125655,1494385175,388700
353346,1494424216,388700
754800,1493187634,388700
808562,1493201998,388700
836209,1493204685,388700
234766,1493157969,388700
50137,1493219066,388700
14174,1494424578,437724
1048567,1494404103,388700
1048567,1494404185,388700
85340,1494424684,388700
1128085,1494345810,388700
1038862,1494419381,388700
1038862,1494419286,388700
702608,1494428887,388700
61633,1494420651,388700
1081521,1494368447,388700
203782,1494391665,388700
638330,1494346660,388700
740798,1494373149,388700
757364,1494370323,388700
957720,1494383989,388700
851540,1494431564,388700
128696,1494423634,388700
128696,1494423586,388700
1048567,1494417243,388700
456163,1494390538,388700
754094,1493112848,388700
427930,1493126736,388700
427930,1493126839,388700
897047,1493117903,388700
188144,1493054991,388700
639665,1493107206,388700
187632,1493107182,388700
1109833,1493094096,388700
348681,1493115048,388700
756237,1493097357,388700
756237,1493097326,388700
456163,1493092834,388700
983568,1493083095,388700
864639,1493080989,388700
353346,1493076000,388700
194948,1493091734,388700
234766,1493129147,388700
990395,1493127636,388700
109102,1494685735,388700
256084,1494657279,388700
624817,1494677088,388700
515218,1494657254,425589
325971,1494465514,388700
84938,1494471106,388700
900036,1494500436,388700
553175,1494501453,388700
572063,1494473064,388700
322205,1494491381,388700
322205,1494491251,388700
327347,1494516748,388700
358936,1494455529,388700
63948,1494459811,388700
664713,1494458641,388700
902498,1494488463,388700
352527,1494460208,388700
352527,1494460175,388700
295070,1494481000,388700
1030339,1494481784,388700
360117,1494514736,388700
84938,1494471113,388700
959638,1494472606,388700
451569,1494330666,437724
337797,1494259545,388700
913846,1494316052,388700
913846,1494316057,388700
834282,1494330073,388700
441330,1494305777,388700
441330,1494307901,388700
386286,1494301616,388700
397743,1494513774,388700
397743,1494514894,388700
829453,1494487179,388700
1032481,1494515168,388700
900036,1494500398,388700
542782,1494502752,388700
193944,1494471496,388700
